[
  {
    "spellID": "fireball",
    "name": "Fireball",
    "description": "Launch a ball of fire at your enemies.",
    "spellType": "offensive",
    "manaCost": 20,
    "cooldown": 2.0,
    "castTime": 0.5,
    "range": 15,
    "damage": 50,
    "element": "fire",
    "visualEffect": "fireball_particle"
  },
  {
    "spellID": "heal",
    "name": "Healing Light",
    "description": "Restore health with divine energy.",
    "spellType": "healing",
    "manaCost": 30,
    "cooldown": 5.0,
    "castTime": 1.0,
    "range": 0,
    "healAmount": 75,
    "element": "light",
    "visualEffect": "heal_particle"
  },
  {
    "spellID": "ice_shard",
    "name": "Ice Shard",
    "description": "Summon sharp ice crystals to pierce foes.",
    "spellType": "offensive",
    "manaCost": 25,
    "cooldown": 3.0,
    "castTime": 0.8,
    "range": 12,
    "damage": 40,
    "element": "ice",
    "statusEffect": "slow",
    "statusDuration": 3.0,
    "visualEffect": "ice_shard_particle"
  },
  {
    "spellID": "shield",
    "name": "Magic Shield",
    "description": "Create a protective barrier around yourself.",
    "spellType": "defensive",
    "manaCost": 40,
    "cooldown": 10.0,
    "castTime": 0.3,
    "range": 0,
    "shieldAmount": 100,
    "duration": 15.0,
    "element": "arcane",
    "visualEffect": "shield_particle"
  },
  {
    "spellID": "lightning_bolt",
    "name": "Lightning Bolt",
    "description": "Call down a bolt of lightning.",
    "spellType": "offensive",
    "manaCost": 35,
    "cooldown": 4.0,
    "castTime": 0.6,
    "range": 20,
    "damage": 70,
    "element": "lightning",
    "areaOfEffect": 3,
    "visualEffect": "lightning_particle"
  },
  {
    "spellID": "nature_growth",
    "name": "Nature's Growth",
    "description": "Accelerate plant growth with natural magic.",
    "spellType": "utility",
    "manaCost": 15,
    "cooldown": 1.0,
    "castTime": 0.5,
    "range": 5,
    "effect": "boost_plant_growth",
    "growthBoost": 2.0,
    "element": "nature",
    "visualEffect": "nature_particle"
  }
]
